{
    "root_group": {
        "name": "",
        "path": "",
        "id": "d41d8cd98f00b204e9800998ecf8427e",
        "groups": {
            "setup": {
                "id": "5c0f8025f7e0b6654089e5b00e950f1a",
                "groups": {},
                "checks": {},
                "name": "setup",
                "path": "::setup"
            }
        },
        "checks": {}
    },
    "metrics": {
        "iteration_duration": {
            "max": 1323.405543,
            "med": 446.52644,
            "min": 431.391309,
            "p(95)": 848.235313,
            "p(90)": 835.537564,
            "p(15)": 435.805124,
            "p(5)": 433.344827,
            "avg": 565.5566548019805
        },
        "http_reqs": {
            "count": 102,
            "rate": 29.032905382615265
        },
        "http_req_connecting": {
            "p(95)": 117.79225000000001,
            "p(90)": 116.869,
            "p(15)": 0,
            "p(5)": 0,
            "avg": 35.169549019607835,
            "max": 121.062,
            "med": 0,
            "min": 0
        },
        "http_req_waiting": {
            "p(90)": 179.81570000000002,
            "p(15)": 134.3812,
            "p(5)": 132.32035,
            "avg": 151.20055882352943,
            "max": 279.995,
            "med": 142.49450000000002,
            "min": 129.873,
            "p(95)": 194.61284999999995
        },
        "http_req_tls_handshaking": {
            "p(15)": 0,
            "p(5)": 0,
            "avg": 73.08238235294118,
            "max": 351.792,
            "med": 0,
            "min": 0,
            "p(95)": 242.52435,
            "p(90)": 240.5875
        },
        "http_req_sending": {
            "p(95)": 0.29834999999999984,
            "p(90)": 0.2542000000000001,
            "p(15)": 0.07114999999999999,
            "p(5)": 0.053,
            "avg": 0.13893137254901958,
            "max": 0.502,
            "med": 0.11699999999999999,
            "min": 0.043
        },
        "data_sent": {
            "count": 42760,
            "rate": 12171.049354515968
        },
        "data_received": {
            "rate": 55833.12341404196,
            "count": 196156
        },
        "http_req_duration": {
            "min": 130.091,
            "p(95)": 195.07714999999996,
            "p(90)": 180.30430000000004,
            "p(15)": 134.755,
            "p(5)": 132.49615,
            "avg": 151.59819607843133,
            "max": 280.374,
            "med": 142.663
        },
        "vus_max": {
            "value": 30,
            "min": 30,
            "max": 30
        },
        "p80_within_3sec": {
            "passes": 100,
            "fails": 0,
            "value": 1
        },
        "http_req_blocked": {
            "p(5)": 0,
            "avg": 108.30627450980403,
            "max": 471.098,
            "med": 0.001,
            "min": 0,
            "p(95)": 360.6316,
            "p(90)": 356.42130000000003,
            "p(15)": 0
        },
        "http_req_receiving": {
            "min": 0.033,
            "p(95)": 0.7035499999999999,
            "p(90)": 0.49480000000000013,
            "p(15)": 0.04815,
            "p(5)": 0.041,
            "avg": 0.2587058823529412,
            "max": 1.783,
            "med": 0.145
        },
        "vus": {
            "value": 30,
            "min": 0,
            "max": 30
        },
        "iterations": {
            "rate": 28.463632728054183,
            "count": 100
        }
    }
}